Workbook

Sheet 営業所A
A1: 営業所A 御中
B2: 受注数 | C2: 箱数
A57: 合計 | B57: =SUM(B3:B56) -> 0 | C57: =SUM(C3:C56) -> 0

Sheet 営業所B
A1: 営業所B 御中 | B1: =営業所A!B1 -> 0
B2: 受注数 | C2: 箱数
A57: 合 計 | B57: =SUM(B3:B56) -> 0 | C57: =SUM(C3:C56) -> 0

Sheet 営業所C
A1: 営業所C 御中 | B1: =営業所A!B1 -> 0
B2: 受注数 | C2: 箱数
A57: 合 計 | B57: =SUM(B3:B56) -> 0 | C57: =SUM(C3:C56) -> 0

Sheet 営業所D
A1: 営業所D 御中 | B1: =営業所A!B1 -> 0
B2: 受注数 | C2: 箱数
A57: 合 計 | B57: =SUM(B3:B56) -> 0 | C57: =SUM(C3:C56) -> 0

Sheet 営業所E
A1: 営業所E 御中 | B1: =営業所A!B1 -> 0
B2: 受注数 | C2: 箱数
A57: 合 計 | B57: =SUM(B3:B56) -> 0 | C57: =SUM(C3:C56) -> 0

Sheet A
A1: =営業所A!A1 -> 営業所A 御中 | C1: =営業所A!B1 -> 0
B2: 受注数 | C2: 箱内訳 | E2: 箱数 | F2: 確認者 | G2: ラベル確認者 | H2: 袋内個数 | I2: 日付
A3: =営業所A!A3 -> 0 | B3: =営業所A!B3 -> 0 | E3: =営業所A!C3 -> 0
A4: =営業所A!A4 -> 0 | B4: =営業所A!B4 -> 0 | E4: =営業所A!C4 -> 0
A5: =営業所A!A5 -> 0 | B5: =営業所A!B5 -> 0 | E5: =営業所A!C5 -> 0
A6: =営業所A!A6 -> 0 | B6: =営業所A!B6 -> 0 | E6: =営業所A!C6 -> 0
A7: =営業所A!A7 -> 0 | B7: =営業所A!B7 -> 0 | E7: =営業所A!C7 -> 0
A8: =営業所A!A8 -> 0 | B8: =営業所A!B8 -> 0 | E8: =営業所A!C8 -> 0
A9: =営業所A!A9 -> 0 | B9: =営業所A!B9 -> 0 | E9: =営業所A!C9 -> 0
A10: =営業所A!A10 -> 0 | B10: =営業所A!B10 -> 0 | E10: =営業所A!C10 -> 0
A11: =営業所A!A11 -> 0 | B11: =営業所A!B11 -> 0 | E11: =営業所A!C11 -> 0
A12: =営業所A!A12 -> 0 | B12: =営業所A!B12 -> 0 | E12: =営業所A!C12 -> 0
A13: =営業所A!A13 -> 0 | B13: =営業所A!B13 -> 0 | E13: =営業所A!C13 -> 0
A14: =営業所A!A14 -> 0 | B14: =営業所A!B14 -> 0 | E14: =営業所A!C14 -> 0
... A56: =営業所A!A56 -> 0 | B56: =営業所A!B56 -> 0 | E56: =営業所A!C56 -> 0
A57: 合 計 | B57: =営業所A!B57 -> 0 | E57: =営業所A!C57 -> 0

Sheet B
A1: =営業所B!A1 -> 営業所B 御中 | C1: =営業所A!B1 -> 0
B2: 受注数 | C2: 箱内訳 | E2: 箱数 | F2: 確認者 | G2: ラベル確認者 | H2: 袋内個数 | I2: 日付
A3: =営業所A!A3 -> 0 | B3: =営業所B!B3 -> 0 | E3: =営業所B!C3 -> 0
A4: =営業所A!A4 -> 0 | B4: =営業所B!B4 -> 0 | E4: =営業所B!C4 -> 0
A5: =営業所A!A5 -> 0 | B5: =営業所B!B5 -> 0 | E5: =営業所B!C5 -> 0
A6: =営業所A!A6 -> 0 | B6: =営業所B!B6 -> 0 | E6: =営業所B!C6 -> 0
A7: =営業所A!A7 -> 0 | B7: =営業所B!B7 -> 0 | E7: =営業所B!C7 -> 0
A8: =営業所A!A8 -> 0 | B8: =営業所B!B8 -> 0 | E8: =営業所B!C8 -> 0
A9: =営業所A!A9 -> 0 | B9: =営業所B!B9 -> 0 | E9: =営業所B!C9 -> 0
A10: =営業所A!A10 -> 0 | B10: =営業所B!B10 -> 0 | E10: =営業所B!C10 -> 0
A11: =営業所A!A11 -> 0 | B11: =営業所B!B11 -> 0 | E11: =営業所B!C11 -> 0
A12: =営業所A!A12 -> 0 | B12: =営業所B!B12 -> 0 | E12: =営業所B!C12 -> 0
A13: =営業所A!A13 -> 0 | B13: =営業所B!B13 -> 0 | E13: =営業所B!C13 -> 0
A14: =営業所A!A14 -> 0 | B14: =営業所B!B14 -> 0 | E14: =営業所B!C14 -> 0
... A56: =営業所A!A56 -> 0 | B56: =営業所B!B56 -> 0 | E56: =営業所B!C56 -> 0
A57: 合 計 | B57: =営業所B!B57 -> 0 | E57: =営業所B!C57 -> 0

Sheet C
A1: =営業所C!A1 -> 営業所C 御中 | C1: =営業所A!B1 -> 0
B2: 受注数 | C2: 箱内訳 | E2: 箱数 | F2: 確認者 | G2: ラベル確認者 | H2: 袋内個数 | I2: 日付
A3: =営業所A!A3 -> 0 | B3: =営業所C!B3 -> 0 | E3: =営業所C!C3 -> 0
A4: =営業所A!A4 -> 0 | B4: =営業所C!B4 -> 0 | E4: =営業所C!C4 -> 0
A5: =営業所A!A5 -> 0 | B5: =営業所C!B5 -> 0 | E5: =営業所C!C5 -> 0
A6: =営業所A!A6 -> 0 | B6: =営業所C!B6 -> 0 | E6: =営業所C!C6 -> 0
A7: =営業所A!A7 -> 0 | B7: =営業所C!B7 -> 0 | E7: =営業所C!C7 -> 0
A8: =営業所A!A8 -> 0 | B8: =営業所C!B8 -> 0 | E8: =営業所C!C8 -> 0
A9: =営業所A!A9 -> 0 | B9: =営業所C!B9 -> 0 | E9: =営業所C!C9 -> 0
A10: =営業所A!A10 -> 0 | B10: =営業所C!B10 -> 0 | E10: =営業所C!C10 -> 0
A11: =営業所A!A11 -> 0 | B11: =営業所C!B11 -> 0 | E11: =営業所C!C11 -> 0
A12: =営業所A!A12 -> 0 | B12: =営業所C!B12 -> 0 | E12: =営業所C!C12 -> 0
A13: =営業所A!A13 -> 0 | B13: =営業所C!B13 -> 0 | E13: =営業所C!C13 -> 0
A14: =営業所A!A14 -> 0 | B14: =営業所C!B14 -> 0 | E14: =営業所C!C14 -> 0
... A57: =営業所A!A57 -> 合計 | B57: =営業所C!B57 -> 0 | E57: =営業所C!C57 -> 0

Sheet D
A1: =営業所D!A1 -> 営業所D 御中 | C1: =営業所A!B1 -> 0
B2: 受注数 | C2: 箱内訳 | E2: 箱数 | F2: 確認者 | G2: ラベル確認者 | H2: 袋内個数 | I2: 日付
A3: =営業所A!A3 -> 0 | B3: =営業所D!B3 -> 0 | E3: =営業所D!C3 -> 0
A4: =営業所A!A4 -> 0 | B4: =営業所D!B4 -> 0 | E4: =営業所D!C4 -> 0
A5: =営業所A!A5 -> 0 | B5: =営業所D!B5 -> 0 | E5: =営業所D!C5 -> 0
A6: =営業所A!A6 -> 0 | B6: =営業所D!B6 -> 0 | E6: =営業所D!C6 -> 0
A7: =営業所A!A7 -> 0 | B7: =営業所D!B7 -> 0 | E7: =営業所D!C7 -> 0
A8: =営業所A!A8 -> 0 | B8: =営業所D!B8 -> 0 | E8: =営業所D!C8 -> 0
A9: =営業所A!A9 -> 0 | B9: =営業所D!B9 -> 0 | E9: =営業所D!C9 -> 0
A10: =営業所A!A10 -> 0 | B10: =営業所D!B10 -> 0 | E10: =営業所D!C10 -> 0
A11: =営業所A!A11 -> 0 | B11: =営業所D!B11 -> 0 | E11: =営業所D!C11 -> 0
A12: =営業所A!A12 -> 0 | B12: =営業所D!B12 -> 0 | E12: =営業所D!C12 -> 0
A13: =営業所A!A13 -> 0 | B13: =営業所D!B13 -> 0 | E13: =営業所D!C13 -> 0
A14: =営業所A!A14 -> 0 | B14: =営業所D!B14 -> 0 | E14: =営業所D!C14 -> 0
... A56: =営業所A!A56 -> 0 | B56: =営業所D!B56 -> 0 | E56: =営業所D!C56 -> 0
A57: 合 計 | B57: =営業所D!B57 -> 0 | E57: =営業所D!C57 -> 0

Sheet E
A1: =営業所E!A1 -> 営業所E 御中 | C1: =営業所A!B1 -> 0
B2: 受注数 | C2: 箱内訳 | E2: 箱数 | F2: 確認者 | G2: ラベル確認者 | H2: 袋内個数 | I2: 日付
A3: =営業所A!A3 -> 0 | B3: =営業所E!B3 -> 0 | E3: =営業所E!C3 -> 0
A4: =営業所A!A4 -> 0 | B4: =営業所E!B4 -> 0 | E4: =営業所E!C4 -> 0
A5: =営業所A!A5 -> 0 | B5: =営業所E!B5 -> 0 | E5: =営業所E!C5 -> 0
A6: =営業所A!A6 -> 0 | B6: =営業所E!B6 -> 0 | E6: =営業所E!C6 -> 0
A7: =営業所A!A7 -> 0 | B7: =営業所E!B7 -> 0 | E7: =営業所E!C7 -> 0
A8: =営業所A!A8 -> 0 | B8: =営業所E!B8 -> 0 | E8: =営業所E!C8 -> 0
A9: =営業所A!A9 -> 0 | B9: =営業所E!B9 -> 0 | E9: =営業所E!C9 -> 0
A10: =営業所A!A10 -> 0 | B10: =営業所E!B10 -> 0 | E10: =営業所E!C10 -> 0
A11: =営業所A!A11 -> 0 | B11: =営業所E!B11 -> 0 | E11: =営業所E!C11 -> 0
A12: =営業所A!A12 -> 0 | B12: =営業所E!B12 -> 0 | E12: =営業所E!C12 -> 0
A13: =営業所A!A13 -> 0 | B13: =営業所E!B13 -> 0 | E13: =営業所E!C13 -> 0
A14: =営業所A!A14 -> 0 | B14: =営業所E!B14 -> 0 | E14: =営業所E!C14 -> 0
... A56: =営業所A!A56 -> 0 | B56: =営業所E!B56 -> 0 | E56: =営業所E!C56 -> 0
A57: 合 計 | B57: =営業所E!B57 -> 0 | E57: =営業所E!C57 -> 0
